<?xml version="1.0" encoding="UTF-8"?>
<l:dependencies xmlns:l='licenses' groupId='org.jenkins-ci.plugins' artifactId='sonar' version='2.4.4'><l:dependency name='Jenkins SonarQube Plugin' groupId='org.jenkins-ci.plugins' artifactId='sonar' version='2.4.4' url='http://redirect.sonarsource.com/plugins/jenkins.html'><l:description>The Jenkins Plugins Parent POM Project</l:description><l:license name='GNU Lesser General Public License (LGPL), v.3' url='http://www.gnu.org/licenses/lgpl.txt'/></l:dependency><l:dependency name='Okio' groupId='com.squareup.okio' artifactId='okio' version='1.6.0' url='https://github.com/square/okio/okio'><l:description>A modern I/O API for Java</l:description><l:license name='Apache 2.0' url='http://www.apache.org/licenses/LICENSE-2.0.txt'/></l:dependency><l:dependency name='SonarQube :: Web Service' groupId='org.sonarsource.sonarqube' artifactId='sonar-ws' version='5.6-RC1' url='http://www.sonarqube.org/sonar-ws/'><l:description>Protocol Buffers specification of Web Services</l:description><l:license name='GNU LGPL 3' url='http://www.gnu.org/licenses/lgpl.txt'/></l:dependency><l:dependency name='Guava: Google Core Libraries for Java' groupId='com.google.guava' artifactId='guava' version='17.0' url='http://code.google.com/p/guava-libraries/guava'><l:description>Guava is a suite of core and expanded libraries that include
    utility classes, google's collections, io classes, and much
    much more.

    Guava has only one code dependency - javax.annotation,
    per the JSR-305 spec.</l:description><l:license name='The Apache Software License, Version 2.0' url='http://www.apache.org/licenses/LICENSE-2.0.txt'/></l:dependency><l:dependency name='OkHttp' groupId='com.squareup.okhttp' artifactId='okhttp' version='2.6.0' url='https://github.com/square/okhttp/okhttp'><l:description>An HTTP+SPDY client for Android and Java applications</l:description><l:license name='Apache 2.0' url='http://www.apache.org/licenses/LICENSE-2.0.txt'/></l:dependency><l:dependency name='Commons IO' groupId='commons-io' artifactId='commons-io' version='2.4' url='http://commons.apache.org/io/'><l:description>The Commons IO library contains utility classes, stream implementations, file filters, 
file comparators, endian transformation classes, and much more.</l:description><l:license name='The Apache Software License, Version 2.0' url='http://www.apache.org/licenses/LICENSE-2.0.txt'/></l:dependency><l:dependency name='Commons Lang' groupId='commons-lang' artifactId='commons-lang' version='2.6' url='http://commons.apache.org/lang/'><l:description>Commons Lang, a package of Java utility classes for the
        classes that are in java.lang's hierarchy, or are considered to be so
        standard as to justify existence in java.lang.</l:description><l:license name='The Apache Software License, Version 2.0' url='http://www.apache.org/licenses/LICENSE-2.0.txt'/></l:dependency><l:dependency name='Protocol Buffer Java API' groupId='com.google.protobuf' artifactId='protobuf-java' version='3.0.0-beta-2' url='https://developers.google.com/protocol-buffers/'><l:description>Protocol Buffers are a way of encoding structured data in an efficient yet
    extensible format.</l:description><l:license name='New BSD license' url='http://www.opensource.org/licenses/bsd-license.php'/></l:dependency></l:dependencies>